{"bin": [[0.4638267159461975, 0.7904453277587891, -0.10268572717905045, -1.1061607599258423, -2.999715805053711, 1.035509467124939, -0.06581281125545502, -0.6957146525382996, 0.8522262573242188, -0.9511861205101013, 0.22035713493824005, 0.1054588109254837, 0.505797266960144, -1.4945082664489746, 0.08236795663833618, 1.1085056066513062]], "bout": [[-0.06302659213542938, -0.8513973355293274]], "win": [[-0.27499935030937195, 0.018794972449541092, -0.18195661902427673, -0.06919977813959122, 0.023590264841914177, -0.06329061836004257, -0.1737474799156189, 0.05535289645195007, 0.19569137692451477, -0.042082808911800385, -0.2891952395439148, 0.11047916859388351, 0.20470263063907623, 0.06778307259082794, 0.1721390336751938, -0.03629370033740997], [-0.09490985423326492, -0.1879047304391861, -0.03383743390440941, -0.09557763487100601, 0.012857806868851185, -0.09405972808599472, 0.0035085538402199745, 0.011906862258911133, 0.0516839362680912, -0.298854261636734, -0.04554231837391853, -0.0543212890625, 0.054889120161533356, -0.16614747047424316, -0.004631839692592621, -0.13393312692642212], [-0.1035008653998375, -0.1610768884420395, 0.07808774709701538, -0.009060831740498543, -0.1920246034860611, 0.08819163590669632, -0.05580824986100197, 0.12347708642482758, 0.039579667150974274, 0.19216708838939667, -0.053945884108543396, -0.11347935348749161, -0.08799094706773758, -0.07095940411090851, 0.020606424659490585, -0.006830029189586639], [-0.06638135761022568, -0.25855714082717896, -0.04347666725516319, -0.2392629086971283, 0.14129486680030823, -0.16265317797660828, -0.1514241099357605, 0.01843496970832348, -0.11473459005355835, -0.011380121111869812, 0.20259258151054382, 0.1905803233385086, -0.03409486263990402, -0.09090635925531387, -0.019960347563028336, 0.13756327331066132], [-0.027999594807624817, 0.11216899752616882, -0.10044430941343307, 0.03522767126560211, 0.15138693153858185, 0.14422136545181274, -0.11153022199869156, 0.36578822135925293, -0.3257215619087219, -0.3090406358242035, 0.06263355910778046, 0.3141484260559082, 0.06919249892234802, -0.24997663497924805, 0.011375738307833672, -0.4453636407852173], [-0.38995835185050964, 0.40040597319602966, -0.34791964292526245, -0.23971904814243317, -0.10371776670217514, -0.04682087525725365, -0.16537395119667053, 0.10207468271255493, -0.03995917737483978, -0.07092834264039993, -0.0931236743927002, 0.3244333863258362, 0.09878244996070862, -0.11354052275419235, 0.2967556416988373, -0.6798617839813232], [-0.16302090883255005, 0.06944084912538528, -0.16860529780387878, -0.14984622597694397, -0.04084446281194687, -0.30076098442077637, -0.34127864241600037, -0.0031160004436969757, 0.025131328031420708, -0.32826918363571167, 0.31152766942977905, 0.11146628856658936, 0.250392884016037, -0.14125466346740723, 0.06849361211061478, -0.35086482763290405], [-0.04521607607603073, -0.17047880589962006, -0.39395007491111755, -0.2793475389480591, -0.04241843894124031, 0.1696968972682953, -0.14888519048690796, 0.09418261796236038, -0.012755418196320534, -0.1293373703956604, -0.05723794549703598, 0.2740094065666199, 0.021110612899065018, -0.05727735534310341, -0.003469129092991352, 0.0376654788851738], [0.24747808277606964, -0.37065738439559937, 0.21424540877342224, 0.05870266631245613, 0.19877250492572784, 0.11900395154953003, -0.11649181693792343, 0.0764293223619461, 0.02385774254798889, -0.5495907068252563, 0.21368514001369476, -0.2204100340604782, 0.1619729846715927, 0.6420204043388367, -0.40285173058509827, -0.0740918442606926], [-0.13260768353939056, 0.04650868847966194, 0.14015761017799377, -0.09858721494674683, -0.035567302256822586, 0.22468993067741394, 0.0850454792380333, 0.2232898771762848, -0.5110102891921997, -0.05462348088622093, -0.11721659451723099, 0.28990817070007324, -0.046160902827978134, -0.28152933716773987, -0.45107945799827576, 0.2555212676525116], [0.14956502616405487, 0.0705672949552536, -0.1004628911614418, 0.04185919836163521, -0.027993684634566307, 0.0973215103149414, -0.06366479396820068, 0.1927867978811264, 0.1068621277809143, 0.14833815395832062, -0.04283636808395386, -0.14207148551940918, 0.1399771124124527, 0.21136920154094696, 0.05612081289291382, 0.014626753516495228], [-0.329389363527298, -0.2284388244152069, 0.0997534692287445, -0.016771437600255013, 0.29432398080825806, 0.021563855931162834, 0.10763588547706604, -0.1799178123474121, -0.19455838203430176, 0.06186439096927643, -0.10423434525728226, -0.03217256814241409, -0.1143130287528038, -0.036039210855960846, 0.15286797285079956, -0.4781465232372284], [0.058938220143318176, 0.04916541278362274, -0.16887301206588745, 0.13094210624694824, -0.05901096388697624, 0.12746545672416687, 0.2067413628101349, 0.01789882406592369, -0.13307644426822662, -0.11366154998540878, 0.0821591392159462, 0.3072595000267029, -0.0733858197927475, -0.1331031769514084, -0.15481248497962952, 0.021069834008812904], [0.17718611657619476, -0.012069000862538815, 0.18264468014240265, 0.14415140450000763, 0.0008217197610065341, 0.007021722383797169, -0.10420580953359604, -0.056929197162389755, -0.014298146590590477, 0.166246697306633, 0.0915256217122078, -0.008739233016967773, -0.021390946581959724, 0.24017851054668427, -0.1546541303396225, 0.08560795336961746], [-0.13228830695152283, -0.056227557361125946, 0.06983701139688492, -0.18108269572257996, 0.1057438924908638, 0.19291043281555176, 0.01719977706670761, -0.0710582509636879, -0.1222938597202301, 0.05139768868684769, -0.10977436602115631, 0.024953048676252365, -0.2190036028623581, 0.1191290020942688, -0.15235942602157593, 0.02124802954494953], [0.02328168973326683, 0.2212613970041275, -0.16028612852096558, 0.037036411464214325, 0.03132753074169159, -0.1060793399810791, 0.02587897889316082, 0.052087925374507904, -0.017863132059574127, -0.2044023722410202, -0.053200431168079376, 0.12257365882396698, 0.18461796641349792, -0.262751966714859, 0.19113275408744812, 0.19155560433864594], [0.19591552019119263, 0.3000360429286957, 0.13943816721439362, -0.10906557738780975, -0.16765718162059784, -0.06576787680387497, 0.11085451394319534, -0.20604057610034943, -0.6730654239654541, 0.03539854288101196, -0.09015548974275589, -0.24745284020900726, 0.47758251428604126, -0.10695695132017136, -0.23025363683700562, -0.08600834012031555], [-0.18359774351119995, 0.09706442803144455, 0.012183118611574173, -0.03213004022836685, -0.028857190161943436, 0.07776763290166855, 0.14570121467113495, -0.06912121921777725, -0.03890795633196831, -0.17893698811531067, -0.2190142273902893, 0.12807759642601013, 0.06205142289400101, -0.27293768525123596, -0.11212911456823349, -0.05178482457995415], [-0.11494453251361847, 0.005902259144932032, -0.16005082428455353, 0.00801577977836132, -0.013385928235948086, 0.22876368463039398, 0.23752671480178833, 0.2650744616985321, -0.09494629502296448, 0.30280646681785583, 0.11476881802082062, -0.1687556803226471, 0.007761368062347174, -0.07600148767232895, 0.2745799422264099, -0.5738824009895325], [-0.062328536063432693, 0.22427113354206085, 0.15334013104438782, -0.20426955819129944, 0.4230268597602844, -0.10036338120698929, 0.036640919744968414, -0.10273103415966034, 0.2864854037761688, 0.08636357635259628, -0.009623462334275246, -0.23242534697055817, -0.0911780446767807, 0.14372342824935913, 0.04168643057346344, 0.03132425248622894], [0.08064936101436615, 0.11380027234554291, 0.0261432733386755, 0.00604096008464694, -0.07009729743003845, 0.2949483394622803, -0.0020855946931988, -0.20312972366809845, -0.08826685696840286, -0.015461799688637257, 0.24816899001598358, 0.2053319364786148, 0.19184400141239166, 0.17364691197872162, 0.285189688205719, -0.1972360908985138], [0.1104072704911232, 0.0551951564848423, 0.007405427284538746, -0.12105735391378403, -0.18164536356925964, 0.13556022942066193, 0.22323468327522278, -0.24897079169750214, -0.13300703465938568, -0.06749226152896881, -0.1586562544107437, -0.2242756187915802, -0.13046103715896606, -0.10247914493083954, -0.0073297033086419106, -0.031436339020729065], 